kategori,lapisan,bruto_bulanan_min,bruto_bulanan_maks,tarif_persen,status_ptkp,sumber,status
A,1,0,5400000,0.00,"TK/0, TK/1, K/0",Slide sosialisasi DJP PMK 168/2023 (pajak.go.id),cek: cocokkan dengan Lampiran PP 58/2023
A,2,5400001,5650000,0.25,"TK/0, TK/1, K/0",Slide sosialisasi DJP PMK 168/2023 (pajak.go.id),cek: cocokkan dengan Lampiran PP 58/2023
A,3,5650001,5950000,0.50,"TK/0, TK/1, K/0",Slide sosialisasi DJP PMK 168/2023 (pajak.go.id),cek: cocokkan dengan Lampiran PP 58/2023
A,4,5950001,6300000,0.75,"TK/0, TK/1, K/0",Slide sosialisasi DJP PMK 168/2023 (pajak.go.id),cek: cocokkan dengan Lampiran PP 58/2023
A,5,6300001,6750000,1.00,"TK/0, TK/1, K/0",Slide sosialisasi DJP PMK 168/2023 (pajak.go.id),cek: cocokkan dengan Lampiran PP 58/2023
A,6,6750001,7500000,1.25,"TK/0, TK/1, K/0",Slide sosialisasi DJP PMK 168/2023 (pajak.go.id),cek: cocokkan dengan Lampiran PP 58/2023
A,7,7500001,8550000,1.50,"TK/0, TK/1, K/0",Slide sosialisasi DJP PMK 168/2023 (pajak.go.id),cek: cocokkan dengan Lampiran PP 58/2023
A,8,8550001,9650000,1.75,"TK/0, TK/1, K/0",Slide sosialisasi DJP PMK 168/2023 (pajak.go.id),cek: cocokkan dengan Lampiran PP 58/2023
A,9,9650001,10050000,2.00,"TK/0, TK/1, K/0",Slide sosialisasi DJP PMK 168/2023 (pajak.go.id),cek: cocokkan dengan Lampiran PP 58/2023
A,10,10050001,10350000,2.25,"TK/0, TK/1, K/0",Slide sosialisasi DJP PMK 168/2023 (pajak.go.id),cek: cocokkan dengan Lampiran PP 58/2023
A,11,10350001,10700000,2.50,"TK/0, TK/1, K/0",Slide sosialisasi DJP PMK 168/2023 (pajak.go.id),cek: cocokkan dengan Lampiran PP 58/2023
A,12,10700001,11050000,3.00,"TK/0, TK/1, K/0",Slide sosialisasi DJP PMK 168/2023 (pajak.go.id),cek: cocokkan dengan Lampiran PP 58/2023
A,13,11050001,11600000,3.50,"TK/0, TK/1, K/0",Slide sosialisasi DJP PMK 168/2023 (pajak.go.id),cek: cocokkan dengan Lampiran PP 58/2023
A,14,11600001,12500000,4.00,"TK/0, TK/1, K/0",Slide sosialisasi DJP PMK 168/2023 (pajak.go.id),cek: cocokkan dengan Lampiran PP 58/2023
A,15,12500001,13750000,5.00,"TK/0, TK/1, K/0",Slide sosialisasi DJP PMK 168/2023 (pajak.go.id),cek: cocokkan dengan Lampiran PP 58/2023
A,16,13750001,15100000,6.00,"TK/0, TK/1, K/0",Slide sosialisasi DJP PMK 168/2023 (pajak.go.id),cek: cocokkan dengan Lampiran PP 58/2023
A,17,15100001,16950000,7.00,"TK/0, TK/1, K/0",Slide sosialisasi DJP PMK 168/2023 (pajak.go.id),cek: cocokkan dengan Lampiran PP 58/2023
A,18,16950001,19750000,8.00,"TK/0, TK/1, K/0",Slide sosialisasi DJP PMK 168/2023 (pajak.go.id),cek: cocokkan dengan Lampiran PP 58/2023
A,19,19750001,24150000,9.00,"TK/0, TK/1, K/0",Slide sosialisasi DJP PMK 168/2023 (pajak.go.id),cek: cocokkan dengan Lampiran PP 58/2023
A,20,24150001,26450000,10.00,"TK/0, TK/1, K/0",Slide sosialisasi DJP PMK 168/2023 (pajak.go.id),cek: cocokkan dengan Lampiran PP 58/2023
A,21,26450001,28000000,11.00,"TK/0, TK/1, K/0",Slide sosialisasi DJP PMK 168/2023 (pajak.go.id),cek: cocokkan dengan Lampiran PP 58/2023
A,22,28000001,30050000,12.00,"TK/0, TK/1, K/0",Slide sosialisasi DJP PMK 168/2023 (pajak.go.id),cek: cocokkan dengan Lampiran PP 58/2023
A,23,30050001,32400000,13.00,"TK/0, TK/1, K/0",Slide sosialisasi DJP PMK 168/2023 (pajak.go.id),cek: cocokkan dengan Lampiran PP 58/2023
A,24,32400001,35400000,14.00,"TK/0, TK/1, K/0",Slide sosialisasi DJP PMK 168/2023 (pajak.go.id),cek: cocokkan dengan Lampiran PP 58/2023
A,25,35400001,39100000,15.00,"TK/0, TK/1, K/0",Slide sosialisasi DJP PMK 168/2023 (pajak.go.id),cek: cocokkan dengan Lampiran PP 58/2023
A,26,39100001,43850000,16.00,"TK/0, TK/1, K/0",Slide sosialisasi DJP PMK 168/2023 (pajak.go.id),cek: cocokkan dengan Lampiran PP 58/2023
A,27,43850001,47800000,17.00,"TK/0, TK/1, K/0",Slide sosialisasi DJP PMK 168/2023 (pajak.go.id),cek: cocokkan dengan Lampiran PP 58/2023
A,28,47800001,51400000,18.00,"TK/0, TK/1, K/0",Slide sosialisasi DJP PMK 168/2023 (pajak.go.id),cek: cocokkan dengan Lampiran PP 58/2023
A,29,51400001,56300000,19.00,"TK/0, TK/1, K/0",Slide sosialisasi DJP PMK 168/2023 (pajak.go.id),cek: cocokkan dengan Lampiran PP 58/2023
A,30,56300001,62200000,20.00,"TK/0, TK/1, K/0",Slide sosialisasi DJP PMK 168/2023 (pajak.go.id),cek: cocokkan dengan Lampiran PP 58/2023
A,31,62200001,68600000,21.00,"TK/0, TK/1, K/0",Slide sosialisasi DJP PMK 168/2023 (pajak.go.id),cek: cocokkan dengan Lampiran PP 58/2023
A,32,68600001,77500000,22.00,"TK/0, TK/1, K/0",Slide sosialisasi DJP PMK 168/2023 (pajak.go.id),cek: cocokkan dengan Lampiran PP 58/2023
A,33,77500001,89000000,23.00,"TK/0, TK/1, K/0",Slide sosialisasi DJP PMK 168/2023 (pajak.go.id),cek: cocokkan dengan Lampiran PP 58/2023
A,34,89000001,103000000,24.00,"TK/0, TK/1, K/0",Slide sosialisasi DJP PMK 168/2023 (pajak.go.id),cek: cocokkan dengan Lampiran PP 58/2023
A,35,103000001,125000000,25.00,"TK/0, TK/1, K/0",Slide sosialisasi DJP PMK 168/2023 (pajak.go.id),cek: cocokkan dengan Lampiran PP 58/2023
A,36,125000001,157000000,26.00,"TK/0, TK/1, K/0",Slide sosialisasi DJP PMK 168/2023 (pajak.go.id),cek: cocokkan dengan Lampiran PP 58/2023
A,37,157000001,206000000,27.00,"TK/0, TK/1, K/0",Slide sosialisasi DJP PMK 168/2023 (pajak.go.id),cek: cocokkan dengan Lampiran PP 58/2023
A,38,206000001,337000000,28.00,"TK/0, TK/1, K/0",Slide sosialisasi DJP PMK 168/2023 (pajak.go.id),cek: cocokkan dengan Lampiran PP 58/2023
A,39,337000001,454000000,29.00,"TK/0, TK/1, K/0",Slide sosialisasi DJP PMK 168/2023 (pajak.go.id),cek: cocokkan dengan Lampiran PP 58/2023
A,40,454000001,550000000,30.00,"TK/0, TK/1, K/0",Slide sosialisasi DJP PMK 168/2023 (pajak.go.id),cek: cocokkan dengan Lampiran PP 58/2023
A,41,550000001,695000000,31.00,"TK/0, TK/1, K/0",Slide sosialisasi DJP PMK 168/2023 (pajak.go.id),cek: cocokkan dengan Lampiran PP 58/2023
A,42,695000001,910000000,32.00,"TK/0, TK/1, K/0",Slide sosialisasi DJP PMK 168/2023 (pajak.go.id),cek: cocokkan dengan Lampiran PP 58/2023
A,43,910000001,1400000000,33.00,"TK/0, TK/1, K/0",Slide sosialisasi DJP PMK 168/2023 (pajak.go.id),cek: cocokkan dengan Lampiran PP 58/2023
A,44,1400000001,,34.00,"TK/0, TK/1, K/0",Slide sosialisasi DJP PMK 168/2023 (pajak.go.id),cek: cocokkan dengan Lampiran PP 58/2023
B,1,0,6200000,0.00,"TK/2, TK/3, K/1, K/2",Slide sosialisasi DJP PMK 168/2023 (pajak.go.id),cek: cocokkan dengan Lampiran PP 58/2023
B,2,6200001,6500000,0.25,"TK/2, TK/3, K/1, K/2",Slide sosialisasi DJP PMK 168/2023 (pajak.go.id),cek: cocokkan dengan Lampiran PP 58/2023
B,3,6500001,6850000,0.50,"TK/2, TK/3, K/1, K/2",Slide sosialisasi DJP PMK 168/2023 (pajak.go.id),cek: cocokkan dengan Lampiran PP 58/2023
B,4,6850001,7300000,0.75,"TK/2, TK/3, K/1, K/2",Slide sosialisasi DJP PMK 168/2023 (pajak.go.id),cek: cocokkan dengan Lampiran PP 58/2023
B,5,7300001,9200000,1.00,"TK/2, TK/3, K/1, K/2",Slide sosialisasi DJP PMK 168/2023 (pajak.go.id),cek: cocokkan dengan Lampiran PP 58/2023
B,6,9200001,10750000,1.50,"TK/2, TK/3, K/1, K/2",Slide sosialisasi DJP PMK 168/2023 (pajak.go.id),cek: cocokkan dengan Lampiran PP 58/2023
B,7,10750001,11250000,2.00,"TK/2, TK/3, K/1, K/2",Slide sosialisasi DJP PMK 168/2023 (pajak.go.id),cek: cocokkan dengan Lampiran PP 58/2023
B,8,11250001,11600000,2.50,"TK/2, TK/3, K/1, K/2",Slide sosialisasi DJP PMK 168/2023 (pajak.go.id),cek: cocokkan dengan Lampiran PP 58/2023
B,9,11600001,12600000,3.00,"TK/2, TK/3, K/1, K/2",Slide sosialisasi DJP PMK 168/2023 (pajak.go.id),cek: cocokkan dengan Lampiran PP 58/2023
B,10,12600001,13600000,4.00,"TK/2, TK/3, K/1, K/2",Slide sosialisasi DJP PMK 168/2023 (pajak.go.id),cek: cocokkan dengan Lampiran PP 58/2023
B,11,13600001,14950000,5.00,"TK/2, TK/3, K/1, K/2",Slide sosialisasi DJP PMK 168/2023 (pajak.go.id),cek: cocokkan dengan Lampiran PP 58/2023
B,12,14950001,16400000,6.00,"TK/2, TK/3, K/1, K/2",Slide sosialisasi DJP PMK 168/2023 (pajak.go.id),cek: cocokkan dengan Lampiran PP 58/2023
B,13,16400001,18450000,7.00,"TK/2, TK/3, K/1, K/2",Slide sosialisasi DJP PMK 168/2023 (pajak.go.id),cek: cocokkan dengan Lampiran PP 58/2023
B,14,18450001,21850000,8.00,"TK/2, TK/3, K/1, K/2",Slide sosialisasi DJP PMK 168/2023 (pajak.go.id),cek: cocokkan dengan Lampiran PP 58/2023
B,15,21850001,26000000,9.00,"TK/2, TK/3, K/1, K/2",Slide sosialisasi DJP PMK 168/2023 (pajak.go.id),cek: cocokkan dengan Lampiran PP 58/2023
B,16,26000001,27700000,10.00,"TK/2, TK/3, K/1, K/2",Slide sosialisasi DJP PMK 168/2023 (pajak.go.id),cek: cocokkan dengan Lampiran PP 58/2023
B,17,27700001,29350000,11.00,"TK/2, TK/3, K/1, K/2",Slide sosialisasi DJP PMK 168/2023 (pajak.go.id),cek: cocokkan dengan Lampiran PP 58/2023
B,18,29350001,31450000,12.00,"TK/2, TK/3, K/1, K/2",Slide sosialisasi DJP PMK 168/2023 (pajak.go.id),cek: cocokkan dengan Lampiran PP 58/2023
B,19,31450001,33950000,13.00,"TK/2, TK/3, K/1, K/2",Slide sosialisasi DJP PMK 168/2023 (pajak.go.id),cek: cocokkan dengan Lampiran PP 58/2023
B,20,33950001,37100000,14.00,"TK/2, TK/3, K/1, K/2",Slide sosialisasi DJP PMK 168/2023 (pajak.go.id),cek: cocokkan dengan Lampiran PP 58/2023
B,21,37100001,41100000,15.00,"TK/2, TK/3, K/1, K/2",Slide sosialisasi DJP PMK 168/2023 (pajak.go.id),cek: cocokkan dengan Lampiran PP 58/2023
B,22,41100001,45800000,16.00,"TK/2, TK/3, K/1, K/2",Slide sosialisasi DJP PMK 168/2023 (pajak.go.id),cek: cocokkan dengan Lampiran PP 58/2023
B,23,45800001,49500000,17.00,"TK/2, TK/3, K/1, K/2",Slide sosialisasi DJP PMK 168/2023 (pajak.go.id),cek: cocokkan dengan Lampiran PP 58/2023
B,24,49500001,53800000,18.00,"TK/2, TK/3, K/1, K/2",Slide sosialisasi DJP PMK 168/2023 (pajak.go.id),cek: cocokkan dengan Lampiran PP 58/2023
B,25,53800001,58500000,19.00,"TK/2, TK/3, K/1, K/2",Slide sosialisasi DJP PMK 168/2023 (pajak.go.id),cek: cocokkan dengan Lampiran PP 58/2023
B,26,58500001,64000000,20.00,"TK/2, TK/3, K/1, K/2",Slide sosialisasi DJP PMK 168/2023 (pajak.go.id),cek: cocokkan dengan Lampiran PP 58/2023
B,27,64000001,71000000,21.00,"TK/2, TK/3, K/1, K/2",Slide sosialisasi DJP PMK 168/2023 (pajak.go.id),cek: cocokkan dengan Lampiran PP 58/2023
B,28,71000001,80000000,22.00,"TK/2, TK/3, K/1, K/2",Slide sosialisasi DJP PMK 168/2023 (pajak.go.id),cek: cocokkan dengan Lampiran PP 58/2023
B,29,80000001,93000000,23.00,"TK/2, TK/3, K/1, K/2",Slide sosialisasi DJP PMK 168/2023 (pajak.go.id),cek: cocokkan dengan Lampiran PP 58/2023
B,30,93000001,109000000,24.00,"TK/2, TK/3, K/1, K/2",Slide sosialisasi DJP PMK 168/2023 (pajak.go.id),cek: cocokkan dengan Lampiran PP 58/2023
B,31,109000001,129000000,25.00,"TK/2, TK/3, K/1, K/2",Slide sosialisasi DJP PMK 168/2023 (pajak.go.id),cek: cocokkan dengan Lampiran PP 58/2023
B,32,129000001,163000000,26.00,"TK/2, TK/3, K/1, K/2",Slide sosialisasi DJP PMK 168/2023 (pajak.go.id),cek: cocokkan dengan Lampiran PP 58/2023
B,33,163000001,211000000,27.00,"TK/2, TK/3, K/1, K/2",Slide sosialisasi DJP PMK 168/2023 (pajak.go.id),cek: cocokkan dengan Lampiran PP 58/2023
B,34,211000001,374000000,28.00,"TK/2, TK/3, K/1, K/2",Slide sosialisasi DJP PMK 168/2023 (pajak.go.id),cek: cocokkan dengan Lampiran PP 58/2023
B,35,374000001,459000000,29.00,"TK/2, TK/3, K/1, K/2",Slide sosialisasi DJP PMK 168/2023 (pajak.go.id),cek: cocokkan dengan Lampiran PP 58/2023
B,36,459000001,555000000,30.00,"TK/2, TK/3, K/1, K/2",Slide sosialisasi DJP PMK 168/2023 (pajak.go.id),cek: cocokkan dengan Lampiran PP 58/2023
B,37,555000001,704000000,31.00,"TK/2, TK/3, K/1, K/2",Slide sosialisasi DJP PMK 168/2023 (pajak.go.id),cek: cocokkan dengan Lampiran PP 58/2023
B,38,704000001,957000000,32.00,"TK/2, TK/3, K/1, K/2",Slide sosialisasi DJP PMK 168/2023 (pajak.go.id),cek: cocokkan dengan Lampiran PP 58/2023
B,39,957000001,1405000000,33.00,"TK/2, TK/3, K/1, K/2",Slide sosialisasi DJP PMK 168/2023 (pajak.go.id),cek: cocokkan dengan Lampiran PP 58/2023
B,40,1405000001,,34.00,"TK/2, TK/3, K/1, K/2",Slide sosialisasi DJP PMK 168/2023 (pajak.go.id),cek: cocokkan dengan Lampiran PP 58/2023
C,1,0,6600000,0.00,K/3,Slide sosialisasi DJP PMK 168/2023 (pajak.go.id),cek: cocokkan dengan Lampiran PP 58/2023
C,2,6600001,6950000,0.25,K/3,Slide sosialisasi DJP PMK 168/2023 (pajak.go.id),cek: cocokkan dengan Lampiran PP 58/2023
C,3,6950001,7350000,0.50,K/3,Slide sosialisasi DJP PMK 168/2023 (pajak.go.id),cek: cocokkan dengan Lampiran PP 58/2023
C,4,7350001,7800000,0.75,K/3,Slide sosialisasi DJP PMK 168/2023 (pajak.go.id),cek: cocokkan dengan Lampiran PP 58/2023
C,5,7800001,8850000,1.00,K/3,Slide sosialisasi DJP PMK 168/2023 (pajak.go.id),cek: cocokkan dengan Lampiran PP 58/2023
C,6,8850001,9800000,1.25,K/3,Slide sosialisasi DJP PMK 168/2023 (pajak.go.id),cek: cocokkan dengan Lampiran PP 58/2023
C,7,9800001,10950000,1.50,K/3,Slide sosialisasi DJP PMK 168/2023 (pajak.go.id),cek: cocokkan dengan Lampiran PP 58/2023
C,8,10950001,11200000,1.75,K/3,Slide sosialisasi DJP PMK 168/2023 (pajak.go.id),cek: cocokkan dengan Lampiran PP 58/2023
C,9,11200001,12050000,2.00,K/3,Slide sosialisasi DJP PMK 168/2023 (pajak.go.id),cek: cocokkan dengan Lampiran PP 58/2023
C,10,12050001,12950000,3.00,K/3,Slide sosialisasi DJP PMK 168/2023 (pajak.go.id),cek: cocokkan dengan Lampiran PP 58/2023
C,11,12950001,14150000,4.00,K/3,Slide sosialisasi DJP PMK 168/2023 (pajak.go.id),cek: cocokkan dengan Lampiran PP 58/2023
C,12,14150001,15550000,5.00,K/3,Slide sosialisasi DJP PMK 168/2023 (pajak.go.id),cek: cocokkan dengan Lampiran PP 58/2023
C,13,15550001,17050000,6.00,K/3,Slide sosialisasi DJP PMK 168/2023 (pajak.go.id),cek: cocokkan dengan Lampiran PP 58/2023
C,14,17050001,19500000,7.00,K/3,Slide sosialisasi DJP PMK 168/2023 (pajak.go.id),cek: cocokkan dengan Lampiran PP 58/2023
C,15,19500001,22700000,8.00,K/3,Slide sosialisasi DJP PMK 168/2023 (pajak.go.id),cek: cocokkan dengan Lampiran PP 58/2023
C,16,22700001,26600000,9.00,K/3,Slide sosialisasi DJP PMK 168/2023 (pajak.go.id),cek: cocokkan dengan Lampiran PP 58/2023
C,17,26600001,28100000,10.00,K/3,Slide sosialisasi DJP PMK 168/2023 (pajak.go.id),cek: cocokkan dengan Lampiran PP 58/2023
C,18,28100001,30100000,11.00,K/3,Slide sosialisasi DJP PMK 168/2023 (pajak.go.id),cek: cocokkan dengan Lampiran PP 58/2023
C,19,30100001,32600000,12.00,K/3,Slide sosialisasi DJP PMK 168/2023 (pajak.go.id),cek: cocokkan dengan Lampiran PP 58/2023
C,20,32600001,35400000,13.00,K/3,Slide sosialisasi DJP PMK 168/2023 (pajak.go.id),cek: cocokkan dengan Lampiran PP 58/2023
C,21,35400001,38900000,14.00,K/3,Slide sosialisasi DJP PMK 168/2023 (pajak.go.id),cek: cocokkan dengan Lampiran PP 58/2023
C,22,38900001,43000000,15.00,K/3,Slide sosialisasi DJP PMK 168/2023 (pajak.go.id),cek: cocokkan dengan Lampiran PP 58/2023
C,23,43000001,47400000,16.00,K/3,Slide sosialisasi DJP PMK 168/2023 (pajak.go.id),cek: cocokkan dengan Lampiran PP 58/2023
C,24,47400001,51200000,17.00,K/3,Slide sosialisasi DJP PMK 168/2023 (pajak.go.id),cek: cocokkan dengan Lampiran PP 58/2023
C,25,51200001,55800000,18.00,K/3,Slide sosialisasi DJP PMK 168/2023 (pajak.go.id),cek: cocokkan dengan Lampiran PP 58/2023
C,26,55800001,60400000,19.00,K/3,Slide sosialisasi DJP PMK 168/2023 (pajak.go.id),cek: cocokkan dengan Lampiran PP 58/2023
C,27,60400001,66700000,20.00,K/3,Slide sosialisasi DJP PMK 168/2023 (pajak.go.id),cek: cocokkan dengan Lampiran PP 58/2023
C,28,66700001,74500000,21.00,K/3,Slide sosialisasi DJP PMK 168/2023 (pajak.go.id),cek: cocokkan dengan Lampiran PP 58/2023
C,29,74500001,83200000,22.00,K/3,Slide sosialisasi DJP PMK 168/2023 (pajak.go.id),cek: cocokkan dengan Lampiran PP 58/2023
C,30,83200001,95600000,23.00,K/3,Slide sosialisasi DJP PMK 168/2023 (pajak.go.id),cek: cocokkan dengan Lampiran PP 58/2023
C,31,95600001,110000000,24.00,K/3,Slide sosialisasi DJP PMK 168/2023 (pajak.go.id),cek: cocokkan dengan Lampiran PP 58/2023
C,32,110000001,134000000,25.00,K/3,Slide sosialisasi DJP PMK 168/2023 (pajak.go.id),cek: cocokkan dengan Lampiran PP 58/2023
C,33,134000001,169000000,26.00,K/3,Slide sosialisasi DJP PMK 168/2023 (pajak.go.id),cek: cocokkan dengan Lampiran PP 58/2023
C,34,169000001,221000000,27.00,K/3,Slide sosialisasi DJP PMK 168/2023 (pajak.go.id),cek: cocokkan dengan Lampiran PP 58/2023
C,35,221000001,390000000,28.00,K/3,Slide sosialisasi DJP PMK 168/2023 (pajak.go.id),cek: cocokkan dengan Lampiran PP 58/2023
C,36,390000001,463000000,29.00,K/3,Slide sosialisasi DJP PMK 168/2023 (pajak.go.id),cek: cocokkan dengan Lampiran PP 58/2023
C,37,463000001,561000000,30.00,K/3,Slide sosialisasi DJP PMK 168/2023 (pajak.go.id),cek: cocokkan dengan Lampiran PP 58/2023
C,38,561000001,709000000,31.00,K/3,Slide sosialisasi DJP PMK 168/2023 (pajak.go.id),cek: cocokkan dengan Lampiran PP 58/2023
C,39,709000001,965000000,32.00,K/3,Slide sosialisasi DJP PMK 168/2023 (pajak.go.id),cek: cocokkan dengan Lampiran PP 58/2023
C,40,965000001,1419000000,33.00,K/3,Slide sosialisasi DJP PMK 168/2023 (pajak.go.id),cek: cocokkan dengan Lampiran PP 58/2023
C,41,1419000001,,34.00,K/3,Slide sosialisasi DJP PMK 168/2023 (pajak.go.id),cek: cocokkan dengan Lampiran PP 58/2023
